<?xml version="1.0" encoding="UTF-8" ?>
<!DOCTYPE configuration
  PUBLIC "-//mybatis.org//DTD Config 3.0//EN"
  "https://mybatis.org/dtd/mybatis-3-config.dtd">
<configuration>
	<settings>
		<setting name="jdbcTypeForNull" value="NULL"/>
		<setting name="mapUnderscoreToCamelCase" value="true" />
		<setting name="lazyLoadingEnabled" value="false"/>
    		<setting name="aggressiveLazyLoading" value="false"/>
	</settings>
	
	<typeAliases>
		<typeAlias type="com.mylog.app.admin.member.vo.AdminVo" alias="AdminVo"/>
		<typeAlias type="com.mylog.app.admin.member.vo.MemberVo" alias="MemberVo"/>
		<typeAlias type="com.mylog.app.admin.board.vo.BoardVo" alias="BoardVo"/>
		<typeAlias type="com.mylog.app.admin.notice.vo.NoticeVo" alias="NoticeVo"/>
		<typeAlias type="com.mylog.app.admin.faq.vo.FAQVo" alias="FAQVo"/>
		<typeAlias type="com.mylog.app.visitor.vo.VisitorVo" alias="VisitorVo"/>
		<typeAlias type="com.mylog.app.admin.qna.vo.QNAVo" alias="QNAVo"/>

	</typeAliases>
	
  <environments default="development">
    <environment id="development">
      <transactionManager type="JDBC"/>
      <dataSource type="POOLED">
        <property name="driver" value="oracle.jdbc.driver.OracleDriver"/>
        <property name="url" value="jdbc:oracle:thin:@localhost:1521:XE"/>
        <property name="username" value="C##SEMI"/>
        <property name="password" value="1234"/>
      </dataSource>
    </environment>
  </environments>
  <mappers>
    <mapper resource="/mapper/admin/adminMember-mapper.xml"/>
    <mapper resource="/mapper/admin/adminBoard-mapper.xml"/>
    <mapper resource="/mapper/admin/adminNotice-mapper.xml"/>
    <mapper resource="/mapper/admin/adminFAQ-mapper.xml"/>
    <mapper resource="/board/board-mapper.xml"/>
    <mapper resource="/comment/comment-mapper.xml"/>
    <mapper resource="/mapper/admin/adminQNA-mapper.xml"/>
    <mapper resource="/notice/notice-mapper.xml"/>
    <mapper resource="/faq/faq-mapper.xml"/>
    <mapper resource="/qna/qna-mapper.xml"/>

  </mappers>
</configuration>