<?xml version="1.0" encoding="UTF-8" ?>
<!DOCTYPE mapper
  PUBLIC "-//mybatis.org//DTD Mapper 3.0//EN"
  "https://mybatis.org/dtd/mybatis-3-mapper.dtd">
<mapper namespace="AdminNoticeMapper">
	<insert id="noticeWrite">
		INSERT INTO NOTICE(NO, CATEGORY_NO, WRITER_NO, TITLE, CONTENT) VALUES(SEQ_NOTICE.NEXTVAL, #{categoryNo}, #{writerNo}, #{title}, #{content})
	</insert>
		
	<insert id="insertNoticeAttachment">
			<foreach collection="list" item="vo" separator=" ">
			INSERT ALL
		 	INTO NOTICE_ATTACHMENT
		 	(
				 NO
				 , NOTICE_NO
				 , ORIGIN_NAME
				 , CHANGE_NAME
			 ) 
			 VALUES 
			 (
				 SEQ_NOTICE_ATTACHMENT.NEXTVAL
				 , SEQ_NOTICE.CURRVAL
				 , #{vo.originName}
				 , #{vo.changeName}
		 	)
		</foreach>
		SELECT * FROM DUAL
	</insert>	
		
	<select id="noticeList" resultType="NoticeVo">
		SELECT 
    		N.NO
    		, N.CATEGORY_NO 
    		, C.TITLE AS CATEGORY
    		, N.WRITER_NO
    		, M.NICK
    		, N.TITLE
    		, N.CONTENT
    		, TO_CHAR(N.ENROLL_DATE, 'YYYY-MM-DD HH24:MI:SS') AS ENROLL_DATE
    		, TO_CHAR(N.MODIFY_DATE, 'YYYY-MM-DD HH24:MI:SS') AS MODIFY_DATE
    		, N.HITS 
		FROM NOTICE N
		JOIN CATEGORY C ON C.NO = N.CATEGORY_NO
		JOIN MEMBER M ON M.NO = N.WRITER_NO
		ORDER BY N.NO
	</select>	
		
	<select id="noticeDetail" resultType="NoticeVo">
		SELECT 
    		N.NO
    		, N.CATEGORY_NO 
    		, C.TITLE AS CATEGORY
    		, N.WRITER_NO
    		, M.NICK
    		, N.TITLE
    		, N.CONTENT
    		, TO_CHAR(N.ENROLL_DATE, 'YYYY-MM-DD HH24:MI:SS') AS ENROLL_DATE
    		, TO_CHAR(N.MODIFY_DATE, 'YYYY-MM-DD HH24:MI:SS') AS MODIFY_DATE
    		, N.HITS 
		FROM NOTICE N
		JOIN CATEGORY C ON C.NO = N.CATEGORY_NO
		JOIN MEMBER M ON M.NO = N.WRITER_NO
		WHERE N.NO = #{no}
	</select>
	
	<select id="selectNoticeList" resultType="NoticeVo">
		SELECT 
    		N.NO
    		, N.CATEGORY_NO AS CATEGORY
    		, C.TITLE
    		, N.WRITER_NO
    		, M.NICK
    		, N.TITLE
    		, N.CONTENT
    		, TO_CHAR(N.ENROLL_DATE, 'YYYY-MM-DD HH24:MI:SS') AS ENROLL_DATE
    		, TO_CHAR(N.MODIFY_DATE, 'YYYY-MM-DD HH24:MI:SS') AS MODIFY_DATE
    		, N.HITS 
		FROM NOTICE N
		JOIN CATEGORY C ON C.NO = N.CATEGORY_NO
		JOIN MEMBER M ON M.NO = N.WRITER_NO
		WHERE N.TITLE LIKE '%${searchValue}%' OR N.CONTENT LIKE '%${searchValue}%'
		<if test="type == 'title'">
		ORDER BY N.TITLE
		</if> 
		<if test="type == 'content'">
		ORDER BY N.CONTENT
		</if>
	</select>
	<delete id="noticeDelete">
		DELETE FROM NOTICE WHERE NO = #{no}
	</delete>
	
	<update id="editNotice">
		UPDATE NOTICE 
		SET TITLE = #{title} , CONTENT = #{content}, CATEGORY_NO = #{categoryNo}, MODIFY_DATE = SYSDATE
		WHERE NO = #{no}
	</update>
</mapper>