<?xml version="1.0" encoding="UTF-8" ?>
<!DOCTYPE mapper
  PUBLIC "-//mybatis.org//DTD Mapper 3.0//EN"
  "https://mybatis.org/dtd/mybatis-3-mapper.dtd">
  
<mapper namespace="CommentMapper">

	<insert id="writeComment">
		INSERT INTO COMMENTS 
		(
	        NO, 
	        BOARD_NO, 
	        WRITER_NO, 
	        CONTENT
   		) 
    	VALUES 
    	(
	        SEQ_COMMENTS.NEXTVAL, 
	        #{boardNo}, 
	        #{writerNo}, 
	        #{content}
    	)
	</insert>
	
	<update id="editComment">
		UPDATE COMMENTS 
    	SET CONTENT = #{content}, 
    		MODIFY_DATE = SYSDATE
		WHERE NO = #{no} 
			AND WRITER_NO = #{writerNo} 
			AND BOARD_NO = #{boardNo} 
			AND DEL_DATE IS NULL

	</update>
	
	<update id="deleteComment">
		UPDATE COMMENTS
    		SET DEL_DATE = SYSDATE
		WHERE NO = #{no} 
			AND WRITER_NO = #{writerNo} 
			AND BOARD_NO = #{boardNo} 
			AND DEL_DATE IS NULL
	</update>
	
	<select id="commentListCheck" resultType="com.mylog.app.comment.vo.CommentVo">
		SELECT 
		    C.NO
		    ,C.CONTENT
		    ,C.BOARD_NO
		    ,C.WRITER_NO
		    ,C.ENROLL_DATE
		    ,C.DEL_DATE
		    ,M.NICK AS writerNick
		FROM COMMENTS C
		JOIN MEMBER M ON C.WRITER_NO = M.NO
		WHERE C.BOARD_NO = #{no}
		AND C.DEL_DATE IS NULL
		ORDER BY C.NO DESC
	</select>
	
</mapper>